,Name,Mileage,Dealer Name,Rating,Rating Count,Price
0,2018 FIAT 500X Lounge,"31,307 mi.",Lansdale Chrysler Dodge Jeep Ram Fiat,3.9,(31 reviews),"$22,476"
1,2018 FIAT 124 Spider Classica,"9,769 mi.",Benchmark Imports,4.7,(652 reviews),"$26,900"
2,2020 FIAT 500L Trekking,"5,959 mi.",Lithia Chrysler Jeep Dodge Ram FIAT of Roseburg,4.8,(397 reviews),"$26,491"
3,2021 FIAT 500X Sport,"8,900 mi.",Lancaster Dodge RAM Fiat,3.9,(37 reviews),"$29,499"
4,2020 FIAT 124 Spider Abarth,"1,517 mi.",Lancaster Dodge RAM Fiat,3.9,(37 reviews),"$36,499"
5,2018 FIAT 500X ,"14,602 mi.",Berglund Chrysler Dodge Jeep Ram,4.3,(64 reviews),"$21,998"
6,2019 FIAT 500X ,"4,138 mi.",Berglund Chrysler Dodge Jeep Ram,4.3,(64 reviews),"$24,998"
7,2020 FIAT 500X ,"1,138 mi.",Berglund Chrysler Dodge Jeep Ram,4.3,(64 reviews),"$29,998"
8,2018 FIAT 124 Spider ,"6,587 mi.",Mike Toler Chrysler Dodge Jeep RAM FIAT,4.9,(274 reviews),Not Priced
9,2018 FIAT 124 Spider ,"6,563 mi.",Courtesy Chrysler Dodge Jeep Ram Breaux Bridge,4.1,(8 reviews),Not Priced
10,2017 FIAT 124 Spider ,"1,621 mi.",Addy's Harbor Dodge Ram Fiat,3.9,(101 reviews),"$26,303"
11,2016 FIAT 500X ,"25,831 mi.",Brown Daub Chrysler Jeep Dodge RAM - Easton,2.7,(6 reviews),"$17,988"
12,2017 FIAT 124 Spider ,"16,659 mi.",Chrysler Dodge Jeep Ram Fiat of Morgantown,1.0,(1 review),Not Priced
13,2019 FIAT 500X ,"9,230 mi.",Lithia Chrysler Dodge Jeep Ram Fiat of Bryan College Station,3.4,(36 reviews),"$28,999"
14,2019 FIAT 500X ,"10,843 mi.",Contemporary Chrysler Dodge Jeep RAM,4.6,(531 reviews),"$24,000"
15,2018 FIAT 500 ,"42,637 mi.",Galeana Chrysler Dodge Jeep Fiat RAM,3.4,(65 reviews),"$17,998"
16,2019 FIAT 500 ,"28,750 mi.",Goss Dodge Chrysler Ram Jeep,4.9,(615 reviews),"$16,149"
17,2017 FIAT 124 Spider ,"23,364 mi.",Galeana Chrysler Dodge Jeep Fiat RAM,3.4,(65 reviews),Not Priced
18,2020 FIAT 124 Spider ,"2,981 mi.",Key Chrysler Jeep Dodge RAM Inc,4.8,(403 reviews),"$26,965"
19,2020 FIAT 500X ,"19,673 mi.",Ilderton Dodge Chrysler Jeep RAM,4.6,(229 reviews),"$27,900"
20,2019 FIAT 500L ,"21,211 mi.",Stew Hansen Chrysler Dodge Jeep Ram,4.6,(498 reviews),"$21,999"
21,2018 FIAT 500X Lounge,"40,031 mi.",Lansdale Chrysler Dodge Jeep Ram Fiat,3.9,(31 reviews),"$21,995"
22,2020 FIAT 500X ,"14,499 mi.",Warrensburg Chrysler Jeep Dodge RAM,4.7,(41 reviews),Not Priced
23,2017 FIAT 500X ,"31,740 mi.",Allen Samuels Chrysler Dodge Jeep,4.8,(347 reviews),"$18,300"
24,2021 FIAT 500X ,"2,302 mi.",Riverside Chrysler Jeep Dodge RAM FIAT,4.8,(40 reviews),"$26,000"
25,2018 FIAT 500 ,"53,225 mi.",Victorville Motors,4.8,(80 reviews),"$15,200"
26,2018 FIAT 500X ,"27,031 mi.",Lithia Chrysler Dodge Jeep Ram Fiat of Bryan College Station,3.4,(36 reviews),"$22,999"
27,2016 FIAT 500 ,"56,966 mi.",Lithia Chrysler Dodge Jeep Ram Fiat of Bryan College Station,3.4,(36 reviews),"$14,999"
28,2016 FIAT 500X ,"71,918 mi.",East Carolina Chrysler Dodge Jeep Ram Fiat,4.5,(67 reviews),"$13,980"
29,2017 FIAT 500X ,"48,652 mi.",Hendrick Chrysler Dodge Jeep Ram FIAT of Concord,4.6,(347 reviews),"$18,900"
30,2018 FIAT 124 Spider ,"4,500 mi.",East Carolina Chrysler Dodge Jeep Ram Fiat,4.5,(67 reviews),"$26,890"
31,2019 FIAT 500X ,"17,379 mi.",Jim Shorkey Chrysler Dodge Jeep RAM Fiat Alfa Romeo of Youngstown,4.0,(18 reviews),Not Priced
32,2018 FIAT 124 Spider ,"6,317 mi.",Galeana Chrysler Dodge Jeep Fiat RAM,3.4,(65 reviews),"$28,990"
33,2020 FIAT 124 Spider ,"12,983 mi.",Mike Toler Chrysler Dodge Jeep RAM FIAT,4.9,(274 reviews),Not Priced
34,2019 FIAT 500X ,"15,443 mi.",King City Chrysler Center,4.8,(190 reviews),"$27,470"
35,2018 FIAT 500X ,"25,644 mi.",Herb Chambers Chrysler Dodge Jeep RAM FIAT of Danvers,4.6,(524 reviews),"$24,998"
36,2019 FIAT 500 ,"31,076 mi.",Victorville Motors,4.8,(80 reviews),"$17,900"
37,2017 FIAT 500X ,"41,853 mi.",Victorville Motors,4.8,(80 reviews),"$18,500"
38,2019 FIAT 500X ,"21,250 mi.",Allen Samuels Chrysler Dodge Jeep,4.8,(347 reviews),"$25,775"
39,2018 FIAT 500L ,"24,650 mi.",Allen Samuels Chrysler Dodge Jeep,4.8,(347 reviews),"$26,360"
40,2017 FIAT 500L ,"60,333 mi.",Riverside Chrysler Jeep Dodge RAM FIAT,4.8,(40 reviews),"$15,500"
41,2019 FIAT 124 Spider ,485 mi.,Landmark Chrysler Dodge Jeep Ram Fiat of Atlanta,4.6,(73 reviews),"$30,999"
42,2018 FIAT 500 ,"19,706 mi.",Lithia Chrysler Dodge Jeep Ram Fiat of Bryan College Station,3.4,(36 reviews),"$18,999"
43,2017 FIAT 500L ,"41,268 mi.",Lithia Chrysler Dodge Jeep Ram Fiat of Bryan College Station,3.4,(36 reviews),"$16,999"
44,2017 FIAT 124 Spider ,"30,081 mi.",Galeana Chrysler Dodge Jeep Fiat RAM,3.4,(65 reviews),"$23,938"
45,2019 FIAT 500X ,"25,494 mi.",King City Chrysler Center,4.8,(190 reviews),"$27,470"
46,2018 FIAT 500 ,"25,000 mi.",Stew Hansen Chrysler Dodge Jeep Ram,4.6,(498 reviews),"$16,999"
47,2020 FIAT 500L ,"27,803 mi.",Hendrick Chrysler Dodge Jeep Ram FIAT of Concord,4.6,(347 reviews),"$21,888"
48,2020 FIAT 500L ,"17,379 mi.",King City Chrysler Center,4.8,(190 reviews),Not Priced
49,2016 FIAT 500X ,"53,225 mi.",Goss Dodge Chrysler Ram Jeep,4.9,(615 reviews),"$16,997"
50,2020 FIAT 500X ,"9,128 mi.",Lithia Chrysler Jeep Dodge RAM of Helena,4.5,(193 reviews),"$24,999"
51,2020 FIAT 500X ,"18,657 mi.",Ilderton Dodge Chrysler Jeep RAM,4.6,(229 reviews),"$25,991"
52,2018 FIAT 124 Spider ,"9,615 mi.",Rick Hendrick Jeep Chrysler Dodge Ram FIAT,4.6,(959 reviews),"$26,877"
53,2021 FIAT 500X ,"7,282 mi.",Warrensburg Chrysler Jeep Dodge RAM,4.7,(41 reviews),Not Priced
54,2019 FIAT 500X ,"29,746 mi.",Stew Hansen Chrysler Dodge Jeep Ram,4.6,(498 reviews),"$22,800"
55,2020 FIAT 500X ,"17,222 mi.",Warrensburg Chrysler Jeep Dodge RAM,4.7,(41 reviews),Not Priced
56,2018 FIAT 500X ,"37,909 mi.",Blackwell Chrysler Jeep Dodge RAM,4.7,(41 reviews),"$22,995"
57,2017 FIAT 124 Spider ,"38,587 mi.",Landmark Chrysler Dodge Jeep Ram Fiat of Atlanta,4.6,(73 reviews),"$20,597"
58,2019 FIAT 500X ,"8,242 mi.",Contemporary Chrysler Dodge Jeep RAM,4.6,(531 reviews),"$23,512"
59,2021 FIAT 500X ,508 mi.,Jim Shorkey Chrysler Dodge Jeep RAM Fiat Alfa Romeo of Youngstown,4.0,(18 reviews),Not Priced
60,2017 FIAT 500L ,"36,807 mi.",Hendrick Chrysler Dodge Jeep Ram FIAT of Concord,4.6,(347 reviews),"$15,900"
61,2018 FIAT 124 Spider ,"2,935 mi.",North Point Chrysler Dodge Jeep RAM Fiat,4.8,(666 reviews),"$27,900"
62,2020 FIAT 124 Spider ,"1,075 mi.",North Point Chrysler Dodge Jeep RAM Fiat,4.8,(666 reviews),"$29,936"
63,2020 FIAT 500X ,"15,768 mi.",Ilderton Dodge Chrysler Jeep RAM,4.6,(229 reviews),"$24,991"
